{
  "API Name": "User Management API",
  "Version": "1.0",
  "Description": "This API allows CRUD operations on user accounts.",
  "Endpoints": [
    {
      "path": "/api/v1/users",
      "method": "GET",
      "description": "Retrieve a list of all users"
    },
    {
      "path": "/api/v1/users/{id}",
      "method": "GET",
      "description": "Retrieve user details by ID"
    },
    {
      "path": "/api/v1/users",
      "method": "POST",
      "description": "Create a new user"
    },
    {
      "path": "/api/v1/users/{id}",
      "method": "PUT",
      "description": "Update user details by ID"
    },
    {
      "path": "/api/v1/users/{id}",
      "method": "DELETE",
      "description": "Delete a user by ID"
    }
  ]
}
